{"cameraMode":{"drawMode":0,"name":"Shaded","section":"Shading Mode"},"sceneLighting":true,"audioPlay":false,"sceneViewState":{"showFog":true,"showMaterialUpdate":false,"showSkybox":true,"showFlares":true,"showImageEffects":true,"showParticleSystems":true},"in2DMode":false,"pivot":{"x":50.026268005371097,"y":30.981008529663087,"z":-16.790287017822267},"rotation":{"x":-0.06529916077852249,"y":0.539286732673645,"z":0.041955407708883288,"w":0.8385923504829407},"size":26.83169937133789,"orthographic":false}