{"cameraMode":{"drawMode":0,"name":"Shaded","section":"Shading Mode"},"sceneLighting":true,"audioPlay":false,"sceneViewState":{"showFog":true,"showMaterialUpdate":false,"showSkybox":true,"showFlares":true,"showImageEffects":true,"showParticleSystems":true},"in2DMode":false,"pivot":{"x":-27.226682662963868,"y":-3.4011619091033937,"z":0.7068851590156555},"rotation":{"x":0.06981726735830307,"y":0.706172525882721,"z":-0.070400670170784,"w":0.7011145353317261},"size":9.959540367126465,"orthographic":false}